"chromosome"	"start"	"end"	"num_motifs_in_group"	"called_sites"	"called_sites_methylated"	"methylated_frequency"	"group_sequence"	"pos"	"bin"
"chrX_fixedBionanoSV_centromereV3"	59129278	59129278	1	2	0	0	"GCTTCCGTTTA"	"cenx"	9336
"chrX_fixedBionanoSV_centromereV3"	59129305	59129314	2	16	0	0	"TATCCCGTTTCCAACGAAAC"	"cenx"	9336
"chrX_fixedBionanoSV_centromereV3"	59129346	59129346	1	4	0	0	"CCCTGCGGATC"	"cenx"	9336
"chrX_fixedBionanoSV_centromereV3"	59129369	59129369	1	5	1	0.2	"TGTTTCGAAAC"	"cenx"	9336
"chrX_fixedBionanoSV_centromereV3"	59129452	59129452	1	8	1	0.125	"TCTCTCGTCTT"	"cenx"	9336
"chrX_fixedBionanoSV_centromereV3"	59129511	59129511	1	6	1	0.167	"GAAAGCGCTCC"	"cenx"	9336
"chrX_fixedBionanoSV_centromereV3"	59129539	59129539	1	6	1	0.167	"TTCTGCGAAAA"	"cenx"	9336
"chrX_fixedBionanoSV_centromereV3"	59129593	59129593	1	9	0	0	"TGGCTCGAACA"	"cenx"	9336
"chrX_fixedBionanoSV_centromereV3"	59129659	59129659	1	1	0	0	"ATTCCCGTTTC"	"cenx"	9336
"chrX_fixedBionanoSV_centromereV3"	59129689	59129689	1	5	0	0	"GTCCACGTATC"	"cenx"	9336
"chrX_fixedBionanoSV_centromereV3"	59129815	59129815	1	3	0	0	"TTTTACGTGAA"	"cenx"	9336
"chrX_fixedBionanoSV_centromereV3"	59129829	59129840	3	27	3	0.111	"ATACCCGTTTCGAGAACGAAGG"	"cenx"	9336
"chrX_fixedBionanoSV_centromereV3"	59129896	59129896	1	5	1	0.2	"TGTTTCGAACC"	"cenx"	9336
"chrX_fixedBionanoSV_centromereV3"	59129930	59129930	1	10	0	0	"CTCTGCGAGTT"	"cenx"	9336
"chrX_fixedBionanoSV_centromereV3"	59129998	59129998	1	5	1	0.2	"ATTCCCGTTTC"	"cenx"	9336
"chrX_fixedBionanoSV_centromereV3"	59130142	59130142	1	5	0	0	"GCTTCCGTTTG"	"cenx"	9336
"chrX_fixedBionanoSV_centromereV3"	59130178	59130178	1	7	1	0.143	"ACTACCGTAGG"	"cenx"	9336
"chrX_fixedBionanoSV_centromereV3"	59130372	59130372	1	5	0	0	"CCAAACGTCCA"	"cenx"	9336
"chrX_fixedBionanoSV_centromereV3"	59130390	59130390	1	8	0	0	"ATTCTCGAAAA"	"cenx"	9336
"chrX_fixedBionanoSV_centromereV3"	59130471	59130471	1	3	0	0	"GTTTCCGAGAA"	"cenx"	9336
"chrX_fixedBionanoSV_centromereV3"	59130510	59130510	1	3	0	0	"GATCCCGTTTC"	"cenx"	9336
"chrX_fixedBionanoSV_centromereV3"	59130688	59130688	1	9	2	0.222	"TCAAACGAAGG"	"cenx"	9336
"chrX_fixedBionanoSV_centromereV3"	59130822	59130822	1	3	0	0	"GCTTCCGTTCA"	"cenx"	9336
"chrX_fixedBionanoSV_centromereV3"	59130846	59130855	2	16	2	0.125	"GATCCCGTTTCCAACGAAAT"	"cenx"	9336
"chrX_fixedBionanoSV_centromereV3"	59130902	59130902	1	5	0	0	"CAAAACGTGGG"	"cenx"	9336
"chrX_fixedBionanoSV_centromereV3"	59130930	59130930	1	5	0	0	"CATAACGAATG"	"cenx"	9336
"chrX_fixedBionanoSV_centromereV3"	59130961	59130961	1	4	0	0	"TCCATCGTCAC"	"cenx"	9336
"chrX_fixedBionanoSV_centromereV3"	59130990	59130990	1	8	3	0.375	"GCTACCGTCTG"	"cenx"	9336
"chrX_fixedBionanoSV_centromereV3"	59131040	59131040	1	8	1	0.125	"CAAAGCGGTCC"	"cenx"	9336
"chrX_fixedBionanoSV_centromereV3"	59131165	59131165	1	7	0	0	"TATGTCGTTTT"	"cenx"	9336
"chrX_fixedBionanoSV_centromereV3"	59131211	59131211	1	6	1	0.167	"AAGCCCGCTAA"	"cenx"	9336
"chrX_fixedBionanoSV_centromereV3"	59131256	59131256	1	8	1	0.125	"AGCTGCGCTAT"	"cenx"	9336
"chrX_fixedBionanoSV_centromereV3"	59131327	59131327	1	3	0	0	"GCTTCCGTTTA"	"cenx"	9336
"chrX_fixedBionanoSV_centromereV3"	59131354	59131354	1	4	0	0	"TATCCCGTTTC"	"cenx"	9336
"chrX_fixedBionanoSV_centromereV3"	59131397	59131397	1	5	2	0.4	"CCTTGCGGATC"	"cenx"	9336
"chrX_fixedBionanoSV_centromereV3"	59131420	59131420	1	6	2	0.333	"TGTTTCGAAAC"	"cenx"	9336
"chrX_fixedBionanoSV_centromereV3"	59131504	59131504	1	6	0	0	"TCTCTCGTCTT"	"cenx"	9336
"chrX_fixedBionanoSV_centromereV3"	59131667	59131667	1	9	1	0.111	"CAAAGCGGTTT"	"cenx"	9336
"chrX_fixedBionanoSV_centromereV3"	59131713	59131713	1	1	0	0	"ATTCCCGTTTC"	"cenx"	9336
"chrX_fixedBionanoSV_centromereV3"	59131799	59131799	1	7	0	0	"AAGGACGGTTC"	"cenx"	9336
"chrX_fixedBionanoSV_centromereV3"	59131869	59131869	1	4	2	0.5	"TTTTACGTGAA"	"cenx"	9336
"chrX_fixedBionanoSV_centromereV3"	59131883	59131892	3	24	0	0	"ATACCCGTTTCGAACGAAGG"	"cenx"	9336
"chrX_fixedBionanoSV_centromereV3"	59131948	59131948	1	7	1	0.143	"TGTTTCGAACC"	"cenx"	9336
"chrX_fixedBionanoSV_centromereV3"	59131982	59131982	1	5	0	0	"CTCTGCGAGTT"	"cenx"	9336
"chrX_fixedBionanoSV_centromereV3"	59132050	59132059	2	20	4	0.2	"ATTCCCGTTTCCAACGAAAT"	"cenx"	9336
"chrX_fixedBionanoSV_centromereV3"	59132192	59132192	1	3	0	0	"GCTTCCGTTTG"	"cenx"	9336
"chrX_fixedBionanoSV_centromereV3"	59132228	59132228	1	3	1	0.333	"ACTACCGTAAG"	"cenx"	9336
"chrX_fixedBionanoSV_centromereV3"	59132423	59132423	1	8	1	0.125	"CCAAACGTCCA"	"cenx"	9336
"chrX_fixedBionanoSV_centromereV3"	59132441	59132441	1	7	0	0	"ATTCTCGAAAA"	"cenx"	9336
"chrX_fixedBionanoSV_centromereV3"	59132521	59132521	1	2	0	0	"GTTTCCGAGAA"	"cenx"	9336
"chrX_fixedBionanoSV_centromereV3"	59132560	59132560	1	7	1	0.143	"GATCCCGTTTC"	"cenx"	9337
"chrX_fixedBionanoSV_centromereV3"	59132678	59132678	1	8	0	0	"GTCATCGCAGA"	"cenx"	9337
"chrX_fixedBionanoSV_centromereV3"	59132731	59132740	2	20	0	0	"ATAGACGTTTCAAACGAAGG"	"cenx"	9337
"chrX_fixedBionanoSV_centromereV3"	59132874	59132874	1	3	0	0	"GCTTCCGTTCA"	"cenx"	9337
"chrX_fixedBionanoSV_centromereV3"	59132898	59132907	2	16	2	0.125	"GATCCCGTTTCCAACGAAAT"	"cenx"	9337
"chrX_fixedBionanoSV_centromereV3"	59132937	59132937	1	8	1	0.125	"CCCCTCGCAGA"	"cenx"	9337
"chrX_fixedBionanoSV_centromereV3"	59132953	59132953	1	7	0	0	"CAAAACGTGTG"	"cenx"	9337
"chrX_fixedBionanoSV_centromereV3"	59132981	59132981	1	5	0	0	"CATAACGAATG"	"cenx"	9337
"chrX_fixedBionanoSV_centromereV3"	59133012	59133012	1	4	0	0	"TCCATCGTCAC"	"cenx"	9337
"chrX_fixedBionanoSV_centromereV3"	59133041	59133041	1	4	0	0	"GCTACCGTCTG"	"cenx"	9337
"chrX_fixedBionanoSV_centromereV3"	59133091	59133091	1	7	1	0.143	"CAAAGCGGTCC"	"cenx"	9337
"chrX_fixedBionanoSV_centromereV3"	59133216	59133216	1	5	3	0.6	"TATGTCGTTTT"	"cenx"	9337
"chrX_fixedBionanoSV_centromereV3"	59133263	59133263	1	4	1	0.25	"AAGCCCGCTAA"	"cenx"	9337
"chrX_fixedBionanoSV_centromereV3"	59133308	59133308	1	5	0	0	"AGCTGCGCTAT"	"cenx"	9337
"chrX_fixedBionanoSV_centromereV3"	59133379	59133379	1	1	0	0	"GCTTCCGTTTA"	"cenx"	9337
"chrX_fixedBionanoSV_centromereV3"	59133406	59133415	2	10	2	0.2	"TATCCCGTTTCCAACGAAAC"	"cenx"	9337
"chrX_fixedBionanoSV_centromereV3"	59133448	59133448	1	2	0	0	"CCTTGCGGATC"	"cenx"	9337
"chrX_fixedBionanoSV_centromereV3"	59133471	59133471	1	5	0	0	"TGTTTCGAAAC"	"cenx"	9337
"chrX_fixedBionanoSV_centromereV3"	59133551	59133551	1	4	0	0	"TCTCTCGTCTT"	"cenx"	9337
"chrX_fixedBionanoSV_centromereV3"	59133610	59133610	1	8	1	0.125	"GAAAGCGCTCC"	"cenx"	9337
"chrX_fixedBionanoSV_centromereV3"	59133686	59133691	2	12	0	0	"CTCTGCGGCTCGAACA"	"cenx"	9337
"chrX_fixedBionanoSV_centromereV3"	59133711	59133711	1	7	2	0.286	"CAAAGCGGTTT"	"cenx"	9337
"chrX_fixedBionanoSV_centromereV3"	59133786	59133786	1	5	0	0	"GTCCACGTATC"	"cenx"	9337
"chrX_fixedBionanoSV_centromereV3"	59133913	59133913	1	1	1	1	"TTTATCGTGAA"	"cenx"	9337
"chrX_fixedBionanoSV_centromereV3"	59133927	59133936	3	21	0	0	"ATACCCGTTTCGAACGAAGG"	"cenx"	9337
"chrX_fixedBionanoSV_centromereV3"	59133992	59133992	1	3	0	0	"TGTTTCGAACC"	"cenx"	9337
"chrX_fixedBionanoSV_centromereV3"	59134026	59134026	1	5	0	0	"CTCTGCGAGTT"	"cenx"	9337
"chrX_fixedBionanoSV_centromereV3"	59134062	59134062	1	3	2	0.667	"CTCAGCGTGTT"	"cenx"	9337
"chrX_fixedBionanoSV_centromereV3"	59134092	59134101	2	14	0	0	"ATTCCCGTTTCCAACGAAAT"	"cenx"	9337
"chrX_fixedBionanoSV_centromereV3"	59134235	59134235	1	2	0	0	"GCTTCCGTTTC"	"cenx"	9337
"chrX_fixedBionanoSV_centromereV3"	59134266	59134270	2	14	0	0	"CTATACGACCGTAGG"	"cenx"	9337
"chrX_fixedBionanoSV_centromereV3"	59134464	59134464	1	3	0	0	"CCAAACGTCCA"	"cenx"	9337
"chrX_fixedBionanoSV_centromereV3"	59134482	59134482	1	8	1	0.125	"ATTCTCGAAAA"	"cenx"	9337
"chrX_fixedBionanoSV_centromereV3"	59134564	59134564	1	1	0	0	"GTTTCCGAGAA"	"cenx"	9337
"chrX_fixedBionanoSV_centromereV3"	59134603	59134603	1	5	2	0.4	"GATCCCGTTTC"	"cenx"	9337
"chrX_fixedBionanoSV_centromereV3"	59134771	59134780	2	16	0	0	"ATAGACGTTTCAAACGAAGG"	"cenx"	9337
"chrX_fixedBionanoSV_centromereV3"	59134913	59134913	1	1	0	0	"GCTTCCGTTCA"	"cenx"	9337
"chrX_fixedBionanoSV_centromereV3"	59134937	59134946	2	10	0	0	"GATCCCGTTTCCAACGAAAA"	"cenx"	9337
"chrX_fixedBionanoSV_centromereV3"	59134994	59134994	1	8	0	0	"CAAAACGTGTG"	"cenx"	9337
"chrX_fixedBionanoSV_centromereV3"	59135022	59135022	1	9	0	0	"CATAACGAATG"	"cenx"	9337
"chrX_fixedBionanoSV_centromereV3"	59135053	59135053	1	3	0	0	"TCCATCGTCAC"	"cenx"	9337
"chrX_fixedBionanoSV_centromereV3"	59135081	59135081	1	6	1	0.167	"GCTACCGTCTG"	"cenx"	9337
"chrX_fixedBionanoSV_centromereV3"	59135131	59135131	1	5	0	0	"CAAAGCGGTCC"	"cenx"	9337
"chrX_fixedBionanoSV_centromereV3"	59135255	59135255	1	4	0	0	"TATGTCGTTTT"	"cenx"	9337
"chrX_fixedBionanoSV_centromereV3"	59135300	59135300	1	7	1	0.143	"AAGCCCGCTAA"	"cenx"	9337
"chrX_fixedBionanoSV_centromereV3"	59135346	59135346	1	8	0	0	"AGCTGCGCTAT"	"cenx"	9337
"chrX_fixedBionanoSV_centromereV3"	59135417	59135417	1	3	0	0	"GCTTCCGTTTA"	"cenx"	9337
"chrX_fixedBionanoSV_centromereV3"	59135444	59135453	2	14	0	0	"TATCCCGTTTCCAACGAAAC"	"cenx"	9337
"chrX_fixedBionanoSV_centromereV3"	59135486	59135486	1	1	0	0	"CCTTGCGGGAT"	"cenx"	9337
"chrX_fixedBionanoSV_centromereV3"	59135508	59135508	1	7	1	0.143	"TGTTTCGAAAC"	"cenx"	9337
"chrX_fixedBionanoSV_centromereV3"	59139086	59139086	1	6	1	0.167	"CAAAACGTGGG"	"cenx"	9339
"chrX_fixedBionanoSV_centromereV3"	59139115	59139115	1	5	0	0	"CATAACGAATG"	"cenx"	9339
"chrX_fixedBionanoSV_centromereV3"	59139146	59139146	1	7	0	0	"TCCATCGTCAC"	"cenx"	9339
"chrX_fixedBionanoSV_centromereV3"	59139174	59139174	1	5	0	0	"GCTACCGTCTG"	"cenx"	9339
"chrX_fixedBionanoSV_centromereV3"	59139224	59139224	1	6	3	0.5	"CAAAGCGGTCC"	"cenx"	9339
"chrX_fixedBionanoSV_centromereV3"	59139348	59139348	1	8	1	0.125	"TATGTCGTTTT"	"cenx"	9339
"chrX_fixedBionanoSV_centromereV3"	59139394	59139394	1	7	2	0.286	"AAGCCCGCTAA"	"cenx"	9339
"chrX_fixedBionanoSV_centromereV3"	59139439	59139439	1	8	0	0	"AGCTGCGCTAT"	"cenx"	9339
"chrX_fixedBionanoSV_centromereV3"	59139510	59139510	1	5	2	0.4	"GCTTCCGTTTA"	"cenx"	9339
"chrX_fixedBionanoSV_centromereV3"	59139537	59139546	2	18	0	0	"TATCCCGTTTCCAACGAAAC"	"cenx"	9339
"chrX_fixedBionanoSV_centromereV3"	59139579	59139579	1	6	2	0.333	"CCTTGCGGATC"	"cenx"	9339
"chrX_fixedBionanoSV_centromereV3"	59139602	59139602	1	7	2	0.286	"TGTTTCGAAAC"	"cenx"	9339
"chrX_fixedBionanoSV_centromereV3"	59139686	59139686	1	6	0	0	"TCTCTCGTCTT"	"cenx"	9339
"chrX_fixedBionanoSV_centromereV3"	59139746	59139746	1	8	1	0.125	"GAAAGCGCTCC"	"cenx"	9339
"chrX_fixedBionanoSV_centromereV3"	59139848	59139848	1	5	0	0	"CAAAGCGGTTT"	"cenx"	9339
"chrX_fixedBionanoSV_centromereV3"	59139924	59139924	1	8	1	0.125	"GTCCACGTATT"	"cenx"	9339
"chrX_fixedBionanoSV_centromereV3"	59140050	59140050	1	8	0	0	"TTTTACGTGAA"	"cenx"	9339
"chrX_fixedBionanoSV_centromereV3"	59140064	59140073	2	14	0	0	"ATACCCGTTCTAAACGAAGG"	"cenx"	9339
"chrX_fixedBionanoSV_centromereV3"	59140129	59140129	1	4	0	0	"TGTTTCGAACC"	"cenx"	9339
"chrX_fixedBionanoSV_centromereV3"	59140240	59140240	1	8	0	0	"TTCAACGAAAT"	"cenx"	9339
"chrX_fixedBionanoSV_centromereV3"	59140375	59140375	1	3	1	0.333	"GCTTCCGTTTG"	"cenx"	9339
"chrX_fixedBionanoSV_centromereV3"	59140411	59140411	1	4	0	0	"ACTACCGTAGG"	"cenx"	9339
"chrX_fixedBionanoSV_centromereV3"	59140604	59140604	1	3	0	0	"TCAAACGTCCA"	"cenx"	9339
"chrX_fixedBionanoSV_centromereV3"	59140622	59140622	1	7	0	0	"ATTCTCGAAAA"	"cenx"	9339
"chrX_fixedBionanoSV_centromereV3"	59140705	59140705	1	3	0	0	"GTTTCCGAGAA"	"cenx"	9339
"chrX_fixedBionanoSV_centromereV3"	59140744	59140744	1	7	0	0	"GATCCCGTTTC"	"cenx"	9339
"chrX_fixedBionanoSV_centromereV3"	59140861	59140861	1	8	0	0	"GTCATCGCAGA"	"cenx"	9339
"chrX_fixedBionanoSV_centromereV3"	59141092	59141101	2	18	0	0	"TCCAACGAAATCCTCGAGAG"	"cenx"	9339
"chrX_fixedBionanoSV_centromereV3"	59141138	59141138	1	7	0	0	"CAAAACGTGTG"	"cenx"	9339
"chrX_fixedBionanoSV_centromereV3"	59141166	59141166	1	9	0	0	"CATAACGAATG"	"cenx"	9339
"chrX_fixedBionanoSV_centromereV3"	59141197	59141197	1	8	2	0.25	"TCCATCGTCAC"	"cenx"	9339
"chrX_fixedBionanoSV_centromereV3"	59141226	59141226	1	4	0	0	"GCTACCGTCTG"	"cenx"	9339
"chrX_fixedBionanoSV_centromereV3"	59141276	59141276	1	6	0	0	"CAAAGCGGTCC"	"cenx"	9339
"chrX_fixedBionanoSV_centromereV3"	59141399	59141399	1	6	3	0.5	"TATGTCGTTTT"	"cenx"	9339
"chrX_fixedBionanoSV_centromereV3"	59141490	59141490	1	10	0	0	"AGCTGCGCTAT"	"cenx"	9339
"chrX_fixedBionanoSV_centromereV3"	59141560	59141560	1	3	1	0.333	"GCTTCCGTTTA"	"cenx"	9339
"chrX_fixedBionanoSV_centromereV3"	59141587	59141587	1	5	0	0	"TATCCCGTTTC"	"cenx"	9339
"chrX_fixedBionanoSV_centromereV3"	59141629	59141629	1	3	0	0	"CCTTGCGGATC"	"cenx"	9339
"chrX_fixedBionanoSV_centromereV3"	59141736	59141736	1	8	0	0	"TCTCTCGTCTT"	"cenx"	9339
"chrX_fixedBionanoSV_centromereV3"	59141896	59141896	1	6	0	0	"CAAAGCGGTTT"	"cenx"	9339
"chrX_fixedBionanoSV_centromereV3"	59141942	59141942	1	1	0	0	"ATTCCCGTTTC"	"cenx"	9339
"chrX_fixedBionanoSV_centromereV3"	59142096	59142096	1	7	1	0.143	"TTTTACGTGAA"	"cenx"	9339
"chrX_fixedBionanoSV_centromereV3"	59142110	59142119	3	27	0	0	"ATACCCGTTTCGAACGAAGG"	"cenx"	9339
"chrX_fixedBionanoSV_centromereV3"	59142175	59142175	1	8	0	0	"TGTTTCGAACC"	"cenx"	9339
"chrX_fixedBionanoSV_centromereV3"	59142209	59142209	1	5	0	0	"CTCTGCGAGTT"	"cenx"	9339
"chrX_fixedBionanoSV_centromereV3"	59142276	59142285	2	20	0	0	"ATTCCCGTTTCCAACGAAAT"	"cenx"	9339
"chrX_fixedBionanoSV_centromereV3"	59142419	59142419	1	4	0	0	"GCTTCCGTTTG"	"cenx"	9339
"chrX_fixedBionanoSV_centromereV3"	59142455	59142455	1	5	3	0.6	"ACTACCGTAGG"	"cenx"	9339
"chrX_fixedBionanoSV_centromereV3"	59142648	59142648	1	7	0	0	"CCAAACGTCCA"	"cenx"	9339
"chrX_fixedBionanoSV_centromereV3"	59142746	59142746	1	2	0	0	"GTTTCCGAGAA"	"cenx"	9339
"chrX_fixedBionanoSV_centromereV3"	59145957	59145957	1	7	0	0	"TGGCTCGAACA"	"cenx"	9341
"chrX_fixedBionanoSV_centromereV3"	59145977	59145977	1	6	0	0	"CAAAGCGGTTT"	"cenx"	9341
"chrX_fixedBionanoSV_centromereV3"	59146023	59146023	1	3	1	0.333	"ATTCCCGTTTC"	"cenx"	9341
"chrX_fixedBionanoSV_centromereV3"	59146054	59146054	1	6	0	0	"GTCCACGTATC"	"cenx"	9341
"chrX_fixedBionanoSV_centromereV3"	59146118	59146118	1	3	0	0	"TCAACCGTGTG"	"cenx"	9341
"chrX_fixedBionanoSV_centromereV3"	59146179	59146179	1	6	1	0.167	"TTTTACGTGAA"	"cenx"	9341
"chrX_fixedBionanoSV_centromereV3"	59146193	59146202	3	30	0	0	"ATACCCGTTTCGAACGAAGG"	"cenx"	9341
"chrX_fixedBionanoSV_centromereV3"	59146259	59146259	1	5	0	0	"TGTTTCGAACC"	"cenx"	9341
"chrX_fixedBionanoSV_centromereV3"	59146293	59146293	1	7	0	0	"CTCTGCGAGTT"	"cenx"	9341
"chrX_fixedBionanoSV_centromereV3"	59146361	59146370	2	12	0	0	"ATTCCCGTTTCCAACGAAAT"	"cenx"	9341
"chrX_fixedBionanoSV_centromereV3"	59146505	59146505	1	4	0	0	"GCTTCCGTTTG"	"cenx"	9341
"chrX_fixedBionanoSV_centromereV3"	59146541	59146541	1	6	0	0	"CCTACCGTAGG"	"cenx"	9341
"chrX_fixedBionanoSV_centromereV3"	59146733	59146733	1	6	0	0	"CCAAACGTCCA"	"cenx"	9341
"chrX_fixedBionanoSV_centromereV3"	59146751	59146751	1	7	0	0	"ATTCTCGAAAA"	"cenx"	9341
"chrX_fixedBionanoSV_centromereV3"	59146871	59146871	1	4	1	0.25	"GATCCCGTTTC"	"cenx"	9341
"chrX_fixedBionanoSV_centromereV3"	59147038	59147047	2	18	0	0	"ATAGACGTTTCAAACGAAGG"	"cenx"	9341
"chrX_fixedBionanoSV_centromereV3"	59147183	59147183	1	3	0	0	"GCTTCCGTTCA"	"cenx"	9341
"chrX_fixedBionanoSV_centromereV3"	59147207	59147216	2	20	0	0	"GATCCCGTTTCCAACGAAAT"	"cenx"	9341
"chrX_fixedBionanoSV_centromereV3"	59147263	59147263	1	10	0	0	"CAAAACGTGTG"	"cenx"	9341
"chrX_fixedBionanoSV_centromereV3"	59147291	59147291	1	7	0	0	"CATAACGAATG"	"cenx"	9341
"chrX_fixedBionanoSV_centromereV3"	59147322	59147322	1	6	0	0	"TCCATCGTCAC"	"cenx"	9341
"chrX_fixedBionanoSV_centromereV3"	59147350	59147350	1	9	0	0	"GCTACCGTCTG"	"cenx"	9341
"chrX_fixedBionanoSV_centromereV3"	59147400	59147400	1	8	0	0	"CAAAGCGGTCC"	"cenx"	9341
"chrX_fixedBionanoSV_centromereV3"	59147524	59147524	1	7	0	0	"TATGTCGTTTT"	"cenx"	9341
"chrX_fixedBionanoSV_centromereV3"	59147571	59147571	1	9	0	0	"AAGCCCGCTAA"	"cenx"	9341
"chrX_fixedBionanoSV_centromereV3"	59147616	59147616	1	9	0	0	"AGCTGCGCTAT"	"cenx"	9341
"chrX_fixedBionanoSV_centromereV3"	59147686	59147686	1	3	0	0	"GCTTCCGTTTA"	"cenx"	9341
"chrX_fixedBionanoSV_centromereV3"	59147713	59147722	2	22	0	0	"TATCCCGTTTCCAACGAAAC"	"cenx"	9341
"chrX_fixedBionanoSV_centromereV3"	59147755	59147755	1	5	0	0	"CCTTGCGGATC"	"cenx"	9341
"chrX_fixedBionanoSV_centromereV3"	59147778	59147778	1	10	0	0	"TGTTTCGAAAC"	"cenx"	9341
"chrX_fixedBionanoSV_centromereV3"	59147860	59147860	1	6	0	0	"TCTCTCGTCTT"	"cenx"	9341
"chrX_fixedBionanoSV_centromereV3"	59147920	59147920	1	3	1	0.333	"GAAAGCGCCCA"	"cenx"	9341
"chrX_fixedBionanoSV_centromereV3"	59147947	59147947	1	9	1	0.111	"TTCTGCGAAAA"	"cenx"	9341
"chrX_fixedBionanoSV_centromereV3"	59148001	59148001	1	9	0	0	"TGGCTCGAACA"	"cenx"	9341
"chrX_fixedBionanoSV_centromereV3"	59148021	59148021	1	9	0	0	"TAAAGCGGTTT"	"cenx"	9341
"chrX_fixedBionanoSV_centromereV3"	59148067	59148067	1	5	0	0	"ATTCCCGTTTC"	"cenx"	9341
"chrX_fixedBionanoSV_centromereV3"	59148097	59148097	1	7	0	0	"GTCCACGTATC"	"cenx"	9341
"chrX_fixedBionanoSV_centromereV3"	59148163	59148163	1	2	0	0	"TCAACCGTGTG"	"cenx"	9341
"chrX_fixedBionanoSV_centromereV3"	59148224	59148224	1	6	0	0	"TTTTACGTGAA"	"cenx"	9341
"chrX_fixedBionanoSV_centromereV3"	59148238	59148247	3	33	0	0	"ATACCCGTTTCGAACGAAGG"	"cenx"	9341
"chrX_fixedBionanoSV_centromereV3"	59148339	59148339	1	8	0	0	"CTCTGCGAGTT"	"cenx"	9341
"chrX_fixedBionanoSV_centromereV3"	59148406	59148415	2	20	0	0	"ATTCCCGTTTCCAACGAAAT"	"cenx"	9341
"chrX_fixedBionanoSV_centromereV3"	59148548	59148548	1	5	0	0	"GCTTCCGTTTG"	"cenx"	9341
"chrX_fixedBionanoSV_centromereV3"	59148583	59148583	1	7	1	0.143	"ACTACCGTGGG"	"cenx"	9341
"chrX_fixedBionanoSV_centromereV3"	59148777	59148777	1	7	1	0.143	"CCAAACGTCCA"	"cenx"	9341
"chrX_fixedBionanoSV_centromereV3"	59148795	59148795	1	9	0	0	"ATTCTCGAAAA"	"cenx"	9341
"chrX_fixedBionanoSV_centromereV3"	59148874	59148874	1	8	0	0	"AGTTTCGAGAA"	"cenx"	9341
"chrX_fixedBionanoSV_centromereV3"	59148913	59148913	1	7	1	0.143	"GATCCCGTTTC"	"cenx"	9341
"chrX_fixedBionanoSV_centromereV3"	59149026	59149026	1	11	0	0	"GTCATCGCAGA"	"cenx"	9341
"chrX_fixedBionanoSV_centromereV3"	59149078	59149087	2	20	2	0.1	"ATAGACGTTTCAAACGAAGG"	"cenx"	9341
"chrX_fixedBionanoSV_centromereV3"	59155363	59155363	1	2	0	0	"GCTTCCGTTCA"	"cenx"	9344
"chrX_fixedBionanoSV_centromereV3"	59155386	59155395	2	18	0	0	"TGATCCGTTTCCAACGAAAT"	"cenx"	9344
"chrX_fixedBionanoSV_centromereV3"	59155441	59155441	1	9	0	0	"CAAAACGTGTG"	"cenx"	9344
"chrX_fixedBionanoSV_centromereV3"	59155469	59155469	1	7	0	0	"CATAACGAATG"	"cenx"	9344
"chrX_fixedBionanoSV_centromereV3"	59155500	59155500	1	7	3	0.429	"TCCATCGTCAC"	"cenx"	9344
"chrX_fixedBionanoSV_centromereV3"	59155528	59155528	1	7	0	0	"GCTACCGTCTG"	"cenx"	9344
"chrX_fixedBionanoSV_centromereV3"	59155577	59155577	1	8	7	0.875	"CAAAGCGGTCC"	"cenx"	9344
"chrX_fixedBionanoSV_centromereV3"	59155701	59155701	1	5	1	0.2	"TATGTCGTTTT"	"cenx"	9344
"chrX_fixedBionanoSV_centromereV3"	59155743	59155743	1	8	1	0.125	"AAGCCCGCTAA"	"cenx"	9344
"chrX_fixedBionanoSV_centromereV3"	59155781	59155789	2	20	4	0.2	"TGTGTCGAAGCTGCGCTAT"	"cenx"	9344
"chrX_fixedBionanoSV_centromereV3"	59155859	59155859	1	5	0	0	"GCTTCCGTTTA"	"cenx"	9344
"chrX_fixedBionanoSV_centromereV3"	59155886	59155895	2	18	0	0	"TATCCCGTTTCCAACGAAAC"	"cenx"	9344
"chrX_fixedBionanoSV_centromereV3"	59155927	59155927	1	3	1	0.333	"CCTTGCGGATC"	"cenx"	9344
"chrX_fixedBionanoSV_centromereV3"	59155951	59155951	1	10	0	0	"GTTTTCGAAAC"	"cenx"	9344
"chrX_fixedBionanoSV_centromereV3"	59156034	59156034	1	7	0	0	"TCTCTCGTCTT"	"cenx"	9344
"chrX_fixedBionanoSV_centromereV3"	59156093	59156093	1	10	2	0.2	"GAAAGCGCTCC"	"cenx"	9344
"chrX_fixedBionanoSV_centromereV3"	59156121	59156121	1	4	0	0	"TTCTACGAAAA"	"cenx"	9344
"chrX_fixedBionanoSV_centromereV3"	59156175	59156175	1	6	0	0	"TGGCTCGAACA"	"cenx"	9344
"chrX_fixedBionanoSV_centromereV3"	59156195	59156195	1	10	1	0.1	"CAAAGCGGTTT"	"cenx"	9344
"chrX_fixedBionanoSV_centromereV3"	59156240	59156240	1	3	1	0.333	"ATTCCCGTTTC"	"cenx"	9344
"chrX_fixedBionanoSV_centromereV3"	59156270	59156270	1	8	0	0	"GTCCACGTATC"	"cenx"	9344
"chrX_fixedBionanoSV_centromereV3"	59156396	59156396	1	7	0	0	"TTTTACGTGAA"	"cenx"	9344
"chrX_fixedBionanoSV_centromereV3"	59156410	59156419	3	33	0	0	"ATACCCGTTTCGAACGAAGG"	"cenx"	9344
"chrX_fixedBionanoSV_centromereV3"	59156475	59156475	1	5	0	0	"TGTTTCGAACC"	"cenx"	9344
"chrX_fixedBionanoSV_centromereV3"	59156577	59156586	2	22	0	0	"TATTCCGTTTCCAACGAAAT"	"cenx"	9344
"chrX_fixedBionanoSV_centromereV3"	59156719	59156719	1	5	0	0	"GCTTCCGTTTG"	"cenx"	9344
"chrX_fixedBionanoSV_centromereV3"	59156755	59156755	1	9	4	0.444	"ACTACCGTAGG"	"cenx"	9344
"chrX_fixedBionanoSV_centromereV3"	59156947	59156947	1	7	0	0	"TCAAACGTCCA"	"cenx"	9344
"chrX_fixedBionanoSV_centromereV3"	59156965	59156965	1	9	0	0	"ATTCTCGAAAA"	"cenx"	9344
"chrX_fixedBionanoSV_centromereV3"	59157047	59157047	1	1	0	0	"GTTTCCGAGAA"	"cenx"	9344
"chrX_fixedBionanoSV_centromereV3"	59157086	59157086	1	4	0	0	"GATCCCGTTTC"	"cenx"	9344
"chrX_fixedBionanoSV_centromereV3"	59157202	59157202	1	11	0	0	"GTCATCGCAGA"	"cenx"	9344
"chrX_fixedBionanoSV_centromereV3"	59157254	59157263	2	20	2	0.1	"ATGAACGTTTCAAACGAAGG"	"cenx"	9344
"chrX_fixedBionanoSV_centromereV3"	59157397	59157397	1	4	0	0	"GCTTCCGTTCA"	"cenx"	9344
"chrX_fixedBionanoSV_centromereV3"	59157421	59157430	2	22	0	0	"GATCCCGTTTCCAACGAAAT"	"cenx"	9344
"chrX_fixedBionanoSV_centromereV3"	59157478	59157478	1	10	0	0	"CAAAACGTGTG"	"cenx"	9344
"chrX_fixedBionanoSV_centromereV3"	59157506	59157506	1	9	0	0	"CATAACGAATG"	"cenx"	9344
"chrX_fixedBionanoSV_centromereV3"	59157537	59157537	1	7	0	0	"TCCATCGTCAC"	"cenx"	9344
"chrX_fixedBionanoSV_centromereV3"	59157566	59157566	1	8	0	0	"GCTACCGTCTG"	"cenx"	9344
"chrX_fixedBionanoSV_centromereV3"	59157615	59157615	1	8	0	0	"CAAAGCGGTCC"	"cenx"	9344
"chrX_fixedBionanoSV_centromereV3"	59157738	59157738	1	9	0	0	"TATGTCGTTTT"	"cenx"	9344
"chrX_fixedBionanoSV_centromereV3"	59157783	59157783	1	10	1	0.1	"AAGCCCGCTAA"	"cenx"	9344
"chrX_fixedBionanoSV_centromereV3"	59157821	59157829	2	24	0	0	"TGTGTCGAAGCTGCGCTAT"	"cenx"	9344
"chrX_fixedBionanoSV_centromereV3"	59157896	59157896	1	5	0	0	"GCTTCCGTTTA"	"cenx"	9344
"chrX_fixedBionanoSV_centromereV3"	59157923	59157932	2	20	0	0	"TATCCCGTTTCCAACGAAAC"	"cenx"	9344
"chrX_fixedBionanoSV_centromereV3"	59157965	59157965	1	4	0	0	"CCTTGCGGATC"	"cenx"	9344
"chrX_fixedBionanoSV_centromereV3"	59158071	59158071	1	7	0	0	"TCTCTCGTCTT"	"cenx"	9344
"chrX_fixedBionanoSV_centromereV3"	59158131	59158131	1	11	1	0.091	"GAAAGCGCTCC"	"cenx"	9344
"chrX_fixedBionanoSV_centromereV3"	59158159	59158159	1	10	0	0	"TTCTGCGAAAA"	"cenx"	9344
"chrX_fixedBionanoSV_centromereV3"	59158213	59158213	1	10	0	0	"TGGCTCGAACA"	"cenx"	9344
"chrX_fixedBionanoSV_centromereV3"	59158233	59158233	1	9	0	0	"CAAAGCGGTTT"	"cenx"	9345
"chrX_fixedBionanoSV_centromereV3"	59158279	59158279	1	3	0	0	"ATTCCCGTTTC"	"cenx"	9345
"chrX_fixedBionanoSV_centromereV3"	59158309	59158309	1	8	0	0	"GTCCACGTATC"	"cenx"	9345
"chrX_fixedBionanoSV_centromereV3"	59158435	59158435	1	6	1	0.167	"TTTTACGTGAA"	"cenx"	9345
"chrX_fixedBionanoSV_centromereV3"	59158449	59158458	3	33	0	0	"ATACCCGTTTCGAACGAAGG"	"cenx"	9345
"chrX_fixedBionanoSV_centromereV3"	59158514	59158514	1	9	0	0	"TGTTTCGAACC"	"cenx"	9345
"chrX_fixedBionanoSV_centromereV3"	59158546	59158546	1	9	0	0	"CTCTGCGAGTT"	"cenx"	9345
"chrX_fixedBionanoSV_centromereV3"	59158615	59158624	2	16	0	0	"ATTCCCGTTTCCAACGAAAT"	"cenx"	9345
"chrX_fixedBionanoSV_centromereV3"	59158757	59158757	1	3	0	0	"GCTTCCGTTTG"	"cenx"	9345
"chrX_fixedBionanoSV_centromereV3"	59158794	59158794	1	8	0	0	"ACTACCGTAGG"	"cenx"	9345
"chrX_fixedBionanoSV_centromereV3"	59158988	59158988	1	8	0	0	"CCAAACGTCCA"	"cenx"	9345
"chrX_fixedBionanoSV_centromereV3"	59159006	59159006	1	8	0	0	"ATTCTCGAAAA"	"cenx"	9345
"chrX_fixedBionanoSV_centromereV3"	59159124	59159124	1	4	0	0	"GATCCCGTTTC"	"cenx"	9345
"chrX_fixedBionanoSV_centromereV3"	59159242	59159242	1	6	0	0	"GTCATCGGAGA"	"cenx"	9345
"chrX_fixedBionanoSV_centromereV3"	59159293	59159302	2	24	0	0	"ATAGACGTTTCAAACGAAGG"	"cenx"	9345
"chrX_fixedBionanoSV_centromereV3"	59159437	59159437	1	4	1	0.25	"GCTTCCGTTCA"	"cenx"	9345
"chrX_fixedBionanoSV_centromereV3"	59159461	59159470	2	16	0	0	"GATCCCGTTTCCAACGAAAT"	"cenx"	9345
"chrX_fixedBionanoSV_centromereV3"	59159517	59159517	1	10	0	0	"CAAAACGTGTG"	"cenx"	9345
"chrX_fixedBionanoSV_centromereV3"	59159545	59159545	1	11	0	0	"CATAACGAATG"	"cenx"	9345
"chrX_fixedBionanoSV_centromereV3"	59159575	59159575	1	10	0	0	"TCCATCGTCAC"	"cenx"	9345
"chrX_fixedBionanoSV_centromereV3"	59159604	59159604	1	5	1	0.2	"GCTACCGTCTG"	"cenx"	9345
"chrX_fixedBionanoSV_centromereV3"	59159654	59159654	1	8	0	0	"CAAAGCGGTCC"	"cenx"	9345
"chrX_fixedBionanoSV_centromereV3"	59159780	59159780	1	7	0	0	"TATGTCGTTTT"	"cenx"	9345
"chrX_fixedBionanoSV_centromereV3"	59159826	59159826	1	7	0	0	"AAGCCCGCTAA"	"cenx"	9345
"chrX_fixedBionanoSV_centromereV3"	59159871	59159871	1	10	0	0	"AGCTGCGCTAT"	"cenx"	9345
"chrX_fixedBionanoSV_centromereV3"	59159942	59159942	1	2	0	0	"GCTTCCGTTTA"	"cenx"	9345
"chrX_fixedBionanoSV_centromereV3"	59159969	59159978	2	18	2	0.111	"TATCCCGTTTCCAACGAAGC"	"cenx"	9345
"chrX_fixedBionanoSV_centromereV3"	59160011	59160011	1	4	1	0.25	"CCTTGCGGATC"	"cenx"	9345
"chrX_fixedBionanoSV_centromereV3"	59160118	59160118	1	9	0	0	"TCTCTCGTCTT"	"cenx"	9345
"chrX_fixedBionanoSV_centromereV3"	59160180	59160180	1	9	0	0	"TAAAGCGCTCC"	"cenx"	9345
"chrX_fixedBionanoSV_centromereV3"	59160261	59160261	1	9	0	0	"TGGCTCGAACA"	"cenx"	9345
"chrX_fixedBionanoSV_centromereV3"	59160281	59160281	1	8	0	0	"CAAAGCGGTTT"	"cenx"	9345
"chrX_fixedBionanoSV_centromereV3"	59160326	59160326	1	5	0	0	"ATTCCCGTTTC"	"cenx"	9345
"chrX_fixedBionanoSV_centromereV3"	59160355	59160355	1	9	0	0	"GTCCACGTATC"	"cenx"	9345
"chrX_fixedBionanoSV_centromereV3"	59160480	59160480	1	6	0	0	"TTTTACGTGAA"	"cenx"	9345
"chrX_fixedBionanoSV_centromereV3"	59160494	59160504	3	27	3	0.111	"ATACCCGTTTCCGAACGAAGG"	"cenx"	9345
"chrX_fixedBionanoSV_centromereV3"	59160560	59160560	1	6	0	0	"TGTTTCGAACC"	"cenx"	9345
"chrX_fixedBionanoSV_centromereV3"	59160805	59160805	1	4	0	0	"GCTTCCGTTTG"	"cenx"	9345
"chrX_fixedBionanoSV_centromereV3"	59160841	59160841	1	5	1	0.2	"ACTACCGTAGG"	"cenx"	9345
"chrX_fixedBionanoSV_centromereV3"	59161035	59161035	1	7	0	0	"CCAAACGTCCA"	"cenx"	9345
"chrX_fixedBionanoSV_centromereV3"	59161053	59161053	1	12	1	0.083	"ATTCTCGAAAA"	"cenx"	9345
"chrX_fixedBionanoSV_centromereV3"	59161134	59161134	1	5	0	0	"GTTTCCGAGAA"	"cenx"	9345
"chrX_fixedBionanoSV_centromereV3"	59161173	59161173	1	6	0	0	"GATCCCGTTTC"	"cenx"	9345
"chrX_fixedBionanoSV_centromereV3"	59161290	59161290	1	9	0	0	"GTCATCGCAGA"	"cenx"	9345
"chrX_fixedBionanoSV_centromereV3"	59161351	59161351	1	10	1	0.1	"TCAAACGAAGG"	"cenx"	9345
"chrX_fixedBionanoSV_centromereV3"	59161485	59161485	1	4	0	0	"GCTTCCGTTCA"	"cenx"	9345
"chrX_fixedBionanoSV_centromereV3"	59161508	59161517	2	24	0	0	"TGATCCGTTTCCAACGAAAT"	"cenx"	9345
"chrX_fixedBionanoSV_centromereV3"	59161565	59161565	1	8	0	0	"CAAAACGTGTG"	"cenx"	9345
"chrX_fixedBionanoSV_centromereV3"	59161592	59161592	1	10	0	0	"CATAACGAATG"	"cenx"	9345
"chrX_fixedBionanoSV_centromereV3"	59161622	59161622	1	9	1	0.111	"TCCATCGTCAC"	"cenx"	9345
"chrX_fixedBionanoSV_centromereV3"	59161651	59161651	1	5	0	0	"GCTACCGTCTG"	"cenx"	9346
"chrX_fixedBionanoSV_centromereV3"	59161700	59161700	1	10	4	0.4	"CAAAGCGGTCC"	"cenx"	9346
"chrX_fixedBionanoSV_centromereV3"	59161825	59161825	1	5	1	0.2	"TATGTCGTTTT"	"cenx"	9346
"chrX_fixedBionanoSV_centromereV3"	59161871	59161871	1	7	0	0	"AAGCCCGCTAA"	"cenx"	9346
"chrX_fixedBionanoSV_centromereV3"	59161917	59161917	1	8	0	0	"AGCTGCGCTAT"	"cenx"	9346
"chrX_fixedBionanoSV_centromereV3"	59161987	59161987	1	4	1	0.25	"GCTTCCGTTTA"	"cenx"	9346
"chrX_fixedBionanoSV_centromereV3"	59162014	59162023	2	22	2	0.091	"TATCCCGTTTCCAACGAAAC"	"cenx"	9346
"chrX_fixedBionanoSV_centromereV3"	59162056	59162056	1	5	2	0.4	"CCTTGCGGATC"	"cenx"	9346
"chrX_fixedBionanoSV_centromereV3"	59162080	59162080	1	10	0	0	"TGTTTCGAAAC"	"cenx"	9346
"chrX_fixedBionanoSV_centromereV3"	59162162	59162162	1	9	0	0	"TCTCTCGTCTT"	"cenx"	9346
"chrX_fixedBionanoSV_centromereV3"	59162221	59162221	1	7	1	0.143	"GAAAGCGCTCC"	"cenx"	9346
"chrX_fixedBionanoSV_centromereV3"	59162323	59162323	1	8	1	0.125	"CAAAGCGGTTT"	"cenx"	9346
"chrX_fixedBionanoSV_centromereV3"	59162369	59162369	1	2	0	0	"ATTCCCGTTTC"	"cenx"	9346
"chrX_fixedBionanoSV_centromereV3"	59162398	59162398	1	11	1	0.091	"GTCCACGTATC"	"cenx"	9346
"chrX_fixedBionanoSV_centromereV3"	59162522	59162522	1	8	1	0.125	"TTTTACGTGAA"	"cenx"	9346
"chrX_fixedBionanoSV_centromereV3"	59162536	59162541	2	24	2	0.083	"ATACCCGTTTCGAACA"	"cenx"	9346
"chrX_fixedBionanoSV_centromereV3"	59162601	59162601	1	11	0	0	"TGTTTCGAACC"	"cenx"	9346
"chrX_fixedBionanoSV_centromereV3"	59162702	59162711	2	16	0	0	"ATTCCCGTTTCCAACGAAAT"	"cenx"	9346
"chrX_fixedBionanoSV_centromereV3"	59162846	59162846	1	4	0	0	"GCTTCCGTTTG"	"cenx"	9346
"chrX_fixedBionanoSV_centromereV3"	59162881	59162881	1	7	4	0.571	"ACTACCGTAGG"	"cenx"	9346
"chrX_fixedBionanoSV_centromereV3"	59163075	59163075	1	7	0	0	"CCAAACGTCCA"	"cenx"	9346
"chrX_fixedBionanoSV_centromereV3"	59163093	59163093	1	11	0	0	"ATTCTCGAAAA"	"cenx"	9346
"chrX_fixedBionanoSV_centromereV3"	59163175	59163175	1	5	0	0	"GTTTCCGAGAA"	"cenx"	9346
"chrX_fixedBionanoSV_centromereV3"	59163212	59163212	1	5	1	0.2	"GATCCCGTTTC"	"cenx"	9346
"chrX_fixedBionanoSV_centromereV3"	59163329	59163329	1	12	0	0	"GTCATCGCAGA"	"cenx"	9346
"chrX_fixedBionanoSV_centromereV3"	59163380	59163389	2	16	2	0.125	"ATAGACGTTTCAAACGAAGG"	"cenx"	9346
"chrX_fixedBionanoSV_centromereV3"	59163523	59163523	1	4	0	0	"GCTTCCGTTCA"	"cenx"	9346
"chrX_fixedBionanoSV_centromereV3"	59163548	59163548	1	10	1	0.1	"GATCCCGTTTC"	"cenx"	9346
"chrX_fixedBionanoSV_centromereV3"	59163603	59163603	1	8	0	0	"CAAAACGTGTG"	"cenx"	9346
"chrX_fixedBionanoSV_centromereV3"	59163631	59163631	1	9	0	0	"CATAACGAATG"	"cenx"	9346
"chrX_fixedBionanoSV_centromereV3"	59163662	59163662	1	9	0	0	"TCCATCGTCAC"	"cenx"	9346
"chrX_fixedBionanoSV_centromereV3"	59163692	59163692	1	7	0	0	"GCTACCGTCTG"	"cenx"	9346
"chrX_fixedBionanoSV_centromereV3"	59163742	59163742	1	8	1	0.125	"CAAAGCGGTCC"	"cenx"	9346
"chrX_fixedBionanoSV_centromereV3"	59163866	59163866	1	6	2	0.333	"TATGTCGTTTT"	"cenx"	9346
"chrX_fixedBionanoSV_centromereV3"	59163913	59163913	1	5	0	0	"AAGCCCGCTAA"	"cenx"	9346
"chrX_fixedBionanoSV_centromereV3"	59163960	59163960	1	10	0	0	"AGCTGCGCTAT"	"cenx"	9346
"chrX_fixedBionanoSV_centromereV3"	59164031	59164031	1	3	0	0	"GCTTCCGTTTA"	"cenx"	9346
"chrX_fixedBionanoSV_centromereV3"	59164058	59164067	2	10	0	0	"TATCCCGTTTCCAACGAAAC"	"cenx"	9346
"chrX_fixedBionanoSV_centromereV3"	59164100	59164100	1	6	1	0.167	"CCTTGCGGATC"	"cenx"	9346
"chrX_fixedBionanoSV_centromereV3"	59164123	59164123	1	11	0	0	"TGTTTCGAAAC"	"cenx"	9346
"chrX_fixedBionanoSV_centromereV3"	59164204	59164204	1	9	0	0	"TCTCTCGTCTT"	"cenx"	9346
"chrX_fixedBionanoSV_centromereV3"	59164264	59164264	1	10	0	0	"AAAAGCGCTCC"	"cenx"	9346
"chrX_fixedBionanoSV_centromereV3"	59164345	59164345	1	8	0	0	"TGGCTCGAACA"	"cenx"	9346
"chrX_fixedBionanoSV_centromereV3"	59164365	59164365	1	7	0	0	"CAAAGCGGTTT"	"cenx"	9346
"chrX_fixedBionanoSV_centromereV3"	59164410	59164410	1	4	1	0.25	"ATTCCCGTTTC"	"cenx"	9346
"chrX_fixedBionanoSV_centromereV3"	59164440	59164440	1	7	0	0	"GTCCACGTATC"	"cenx"	9346
"chrX_fixedBionanoSV_centromereV3"	59164565	59164565	1	9	2	0.222	"TTTTACGTGAA"	"cenx"	9346
"chrX_fixedBionanoSV_centromereV3"	59164579	59164584	2	20	4	0.2	"ATACCCGTTTCGAACA"	"cenx"	9346
"chrX_fixedBionanoSV_centromereV3"	59164643	59164643	1	6	1	0.167	"TGTTTCGAACC"	"cenx"	9346
"chrX_fixedBionanoSV_centromereV3"	59164677	59164677	1	10	0	0	"CTCTGCGAGTT"	"cenx"	9346
"chrX_fixedBionanoSV_centromereV3"	59168007	59168007	1	3	0	0	"CCTTGCGGATC"	"cenx"	9348
"chrX_fixedBionanoSV_centromereV3"	59168029	59168029	1	10	2	0.2	"TGTTTCGAAAC"	"cenx"	9348
"chrX_fixedBionanoSV_centromereV3"	59168110	59168110	1	9	0	0	"TCTCTCGTCTT"	"cenx"	9348
"chrX_fixedBionanoSV_centromereV3"	59168171	59168171	1	11	3	0.273	"GAAAGCGCTCC"	"cenx"	9348
"chrX_fixedBionanoSV_centromereV3"	59168199	59168199	1	10	0	0	"TTCTGCGAAAA"	"cenx"	9348
"chrX_fixedBionanoSV_centromereV3"	59168253	59168253	1	9	0	0	"TAGCTCGAACA"	"cenx"	9348
"chrX_fixedBionanoSV_centromereV3"	59168319	59168319	1	6	0	0	"ATTCCCGTTTC"	"cenx"	9348
"chrX_fixedBionanoSV_centromereV3"	59168349	59168349	1	11	1	0.091	"GTCCACGTATC"	"cenx"	9348
"chrX_fixedBionanoSV_centromereV3"	59168476	59168476	1	4	0	0	"TTTTACGTGAA"	"cenx"	9348
"chrX_fixedBionanoSV_centromereV3"	59168490	59168499	3	27	0	0	"ATACCCGTTTCGAACGAAGG"	"cenx"	9348
"chrX_fixedBionanoSV_centromereV3"	59168554	59168554	1	10	0	0	"TGTTTCGAACC"	"cenx"	9348
"chrX_fixedBionanoSV_centromereV3"	59168589	59168589	1	9	0	0	"CTCTGCGAGTT"	"cenx"	9348
"chrX_fixedBionanoSV_centromereV3"	59168657	59168657	1	3	0	0	"ATTCCCGTTTC"	"cenx"	9348
"chrX_fixedBionanoSV_centromereV3"	59168801	59168801	1	4	0	0	"GCTTCCGTTTG"	"cenx"	9348
"chrX_fixedBionanoSV_centromereV3"	59168839	59168839	1	6	0	0	"ACTACCGTAGG"	"cenx"	9348
"chrX_fixedBionanoSV_centromereV3"	59169032	59169032	1	10	1	0.1	"CCAAACGTCCA"	"cenx"	9348
"chrX_fixedBionanoSV_centromereV3"	59169050	59169050	1	5	0	0	"ATTCTCGAAAA"	"cenx"	9348
"chrX_fixedBionanoSV_centromereV3"	59169131	59169131	1	4	0	0	"GTTTCCGAGAA"	"cenx"	9348
"chrX_fixedBionanoSV_centromereV3"	59169170	59169170	1	6	0	0	"GATCCCGTTTC"	"cenx"	9348
"chrX_fixedBionanoSV_centromereV3"	59169286	59169286	1	10	0	0	"GTCATCGCAGA"	"cenx"	9348
"chrX_fixedBionanoSV_centromereV3"	59169347	59169347	1	10	1	0.1	"TCAAACGAAGG"	"cenx"	9348
"chrX_fixedBionanoSV_centromereV3"	59169481	59169481	1	5	3	0.6	"GCTTCCGTTCA"	"cenx"	9348
"chrX_fixedBionanoSV_centromereV3"	59169505	59169514	2	22	0	0	"GATCCCGTTTCCAACGAAAT"	"cenx"	9348
"chrX_fixedBionanoSV_centromereV3"	59169561	59169561	1	11	1	0.091	"CAAAACGTGGG"	"cenx"	9348
"chrX_fixedBionanoSV_centromereV3"	59169589	59169589	1	7	0	0	"CATAACGAATA"	"cenx"	9348
"chrX_fixedBionanoSV_centromereV3"	59169619	59169619	1	5	1	0.2	"TCCATCGTCAA"	"cenx"	9348
"chrX_fixedBionanoSV_centromereV3"	59169648	59169648	1	6	0	0	"GCTACCGTCTG"	"cenx"	9348
"chrX_fixedBionanoSV_centromereV3"	59169698	59169698	1	7	4	0.571	"CAAAGCGGTCC"	"cenx"	9348
"chrX_fixedBionanoSV_centromereV3"	59169824	59169824	1	5	0	0	"TATGTCGTTTT"	"cenx"	9348
"chrX_fixedBionanoSV_centromereV3"	59169871	59169871	1	11	0	0	"AAGCCCGCTAA"	"cenx"	9348
"chrX_fixedBionanoSV_centromereV3"	59169917	59169917	1	11	0	0	"AGCTGCGCTAT"	"cenx"	9348
"chrX_fixedBionanoSV_centromereV3"	59169988	59169988	1	4	0	0	"GCTTCCGTTTA"	"cenx"	9348
"chrX_fixedBionanoSV_centromereV3"	59170015	59170015	1	8	1	0.125	"TATCCCGTTTC"	"cenx"	9348
"chrX_fixedBionanoSV_centromereV3"	59170058	59170058	1	7	2	0.286	"CCTTGCGGATC"	"cenx"	9348
"chrX_fixedBionanoSV_centromereV3"	59170081	59170081	1	10	2	0.2	"TGTTTCGAAAC"	"cenx"	9348
"chrX_fixedBionanoSV_centromereV3"	59170165	59170165	1	7	0	0	"TCTCTCGTCTT"	"cenx"	9348
"chrX_fixedBionanoSV_centromereV3"	59170326	59170326	1	9	0	0	"CAAAGCGGTTT"	"cenx"	9348
"chrX_fixedBionanoSV_centromereV3"	59170372	59170372	1	5	0	0	"ATTCCCGTTTC"	"cenx"	9348
"chrX_fixedBionanoSV_centromereV3"	59170402	59170402	1	9	0	0	"GTCCACGTATC"	"cenx"	9348
"chrX_fixedBionanoSV_centromereV3"	59170458	59170458	1	11	0	0	"AAGGACGGTTC"	"cenx"	9348
"chrX_fixedBionanoSV_centromereV3"	59170525	59170525	1	4	0	0	"TTTTACGTGAA"	"cenx"	9348
"chrX_fixedBionanoSV_centromereV3"	59170539	59170548	3	33	0	0	"ATACCCGTTTCGAACGAAGG"	"cenx"	9348
"chrX_fixedBionanoSV_centromereV3"	59170603	59170603	1	11	0	0	"TGTTTCGAACC"	"cenx"	9348
"chrX_fixedBionanoSV_centromereV3"	59170637	59170637	1	8	0	0	"CTCTGCGAGTT"	"cenx"	9348
"chrX_fixedBionanoSV_centromereV3"	59170705	59170714	2	24	0	0	"ATTCCCGTTTCCAACGAAAT"	"cenx"	9348
"chrX_fixedBionanoSV_centromereV3"	59170848	59170848	1	7	0	0	"GCTTCCGTTTG"	"cenx"	9348
"chrX_fixedBionanoSV_centromereV3"	59170884	59170884	1	11	2	0.182	"ACTACCGTAGG"	"cenx"	9348
"chrX_fixedBionanoSV_centromereV3"	59171072	59171072	1	7	0	0	"CCAAACGTCCA"	"cenx"	9348
"chrX_fixedBionanoSV_centromereV3"	59171090	59171090	1	9	0	0	"ATTCTCGAAAA"	"cenx"	9348
"chrX_fixedBionanoSV_centromereV3"	59171170	59171170	1	12	0	0	"AGTTTCGAGAA"	"cenx"	9348
"chrX_fixedBionanoSV_centromereV3"	59171208	59171208	1	2	0	0	"GATCCCGTTTC"	"cenx"	9349
"chrX_fixedBionanoSV_centromereV3"	59171327	59171327	1	11	1	0.091	"GTCATCGCAGA"	"cenx"	9349
"chrX_fixedBionanoSV_centromereV3"	59171379	59171388	2	24	0	0	"ATAGACGTTTCAAACGAAGG"	"cenx"	9349
"chrX_fixedBionanoSV_centromereV3"	59171520	59171520	1	4	2	0.5	"TGCTCCGTTCA"	"cenx"	9349
"chrX_fixedBionanoSV_centromereV3"	59171544	59171553	2	22	0	0	"GATCCCGTTTCCAACGAAAT"	"cenx"	9349
"chrX_fixedBionanoSV_centromereV3"	59171584	59171584	1	7	0	0	"CCCCTCGCAGA"	"cenx"	9349
"chrX_fixedBionanoSV_centromereV3"	59171601	59171601	1	12	0	0	"AAAAACGTGTG"	"cenx"	9349
"chrX_fixedBionanoSV_centromereV3"	59171629	59171629	1	11	1	0.091	"CATAACGAATG"	"cenx"	9349
"chrX_fixedBionanoSV_centromereV3"	59171660	59171660	1	6	0	0	"TCCATCGTCAC"	"cenx"	9349
"chrX_fixedBionanoSV_centromereV3"	59171689	59171689	1	6	2	0.333	"GCTACCGTCTG"	"cenx"	9349
"chrX_fixedBionanoSV_centromereV3"	59171739	59171739	1	7	1	0.143	"CAAAGCGGTCC"	"cenx"	9349
"chrX_fixedBionanoSV_centromereV3"	59171865	59171865	1	8	0	0	"TATGTCGTTTT"	"cenx"	9349
"chrX_fixedBionanoSV_centromereV3"	59171912	59171912	1	9	0	0	"AAGCCCGCTAA"	"cenx"	9349
"chrX_fixedBionanoSV_centromereV3"	59171957	59171957	1	10	0	0	"AGCTGCGCTAT"	"cenx"	9349
"chrX_fixedBionanoSV_centromereV3"	59172096	59172096	1	4	0	0	"CCTTGCGGATC"	"cenx"	9349
"chrX_fixedBionanoSV_centromereV3"	59172118	59172118	1	10	1	0.1	"GTTTTCGAAAC"	"cenx"	9349
"chrX_fixedBionanoSV_centromereV3"	59172202	59172202	1	10	1	0.1	"TCTCTCGTCTT"	"cenx"	9349
"chrX_fixedBionanoSV_centromereV3"	59172262	59172262	1	11	2	0.182	"GAAAGCGCTCC"	"cenx"	9349
"chrX_fixedBionanoSV_centromereV3"	59172338	59172338	1	8	0	0	"CTCTGCGGCTC"	"cenx"	9349
"chrX_fixedBionanoSV_centromereV3"	59172362	59172362	1	9	0	0	"CAAAGCGGTTT"	"cenx"	9349
"chrX_fixedBionanoSV_centromereV3"	59172407	59172407	1	3	2	0.667	"ATTCCCGTTCA"	"cenx"	9349
"chrX_fixedBionanoSV_centromereV3"	59172435	59172435	1	9	0	0	"GTCCACGTATC"	"cenx"	9349
"chrX_fixedBionanoSV_centromereV3"	59172559	59172559	1	8	1	0.125	"TTTTACGTGAA"	"cenx"	9349
"chrX_fixedBionanoSV_centromereV3"	59172573	59172582	3	33	0	0	"ATACCCGTTTCGAACGAAGG"	"cenx"	9349
"chrX_fixedBionanoSV_centromereV3"	59172637	59172637	1	7	0	0	"TGTTTCGAACC"	"cenx"	9349
"chrX_fixedBionanoSV_centromereV3"	59172670	59172670	1	10	0	0	"CTCTGCGAGTT"	"cenx"	9349
"chrX_fixedBionanoSV_centromereV3"	59172707	59172707	1	5	0	0	"CTCAGCGTGTT"	"cenx"	9349
"chrX_fixedBionanoSV_centromereV3"	59172739	59172749	2	18	0	0	"ATTCCCGTTTCCCAACGAAAT"	"cenx"	9349
"chrX_fixedBionanoSV_centromereV3"	59172883	59172883	1	5	0	0	"GCTTCCGTTTG"	"cenx"	9349
"chrX_fixedBionanoSV_centromereV3"	59172915	59172919	2	14	2	0.143	"CTATACGACCGTAGG"	"cenx"	9349
"chrX_fixedBionanoSV_centromereV3"	59173112	59173112	1	5	0	0	"CCAAACGTCCA"	"cenx"	9349
"chrX_fixedBionanoSV_centromereV3"	59173130	59173130	1	6	0	0	"ATTCTCGAAAA"	"cenx"	9349
"chrX_fixedBionanoSV_centromereV3"	59173211	59173211	1	7	0	0	"GTTTCCGAGAA"	"cenx"	9349
"chrX_fixedBionanoSV_centromereV3"	59173249	59173249	1	6	0	0	"TGATCCGTTTC"	"cenx"	9349
"chrX_fixedBionanoSV_centromereV3"	59173415	59173415	1	11	0	0	"ATAGACGTTTC"	"cenx"	9349
"chrX_fixedBionanoSV_centromereV3"	59173559	59173559	1	3	0	0	"GCTTCCGTTCA"	"cenx"	9349
"chrX_fixedBionanoSV_centromereV3"	59173583	59173592	2	18	0	0	"GATCCCGTTTCCAACGAAAT"	"cenx"	9349
"chrX_fixedBionanoSV_centromereV3"	59173638	59173638	1	8	0	0	"CAAAACGTGTG"	"cenx"	9349
"chrX_fixedBionanoSV_centromereV3"	59173697	59173697	1	6	1	0.167	"TCCATCGTCAC"	"cenx"	9349
"chrX_fixedBionanoSV_centromereV3"	59173726	59173726	1	7	0	0	"GCTACCGTCTG"	"cenx"	9349
"chrX_fixedBionanoSV_centromereV3"	59173776	59173776	1	8	4	0.5	"CAAAGCGGTCC"	"cenx"	9349
"chrX_fixedBionanoSV_centromereV3"	59173900	59173900	1	5	0	0	"TATGTCGTTTT"	"cenx"	9349
"chrX_fixedBionanoSV_centromereV3"	59173945	59173945	1	7	0	0	"AAGCCCGCTAA"	"cenx"	9349
"chrX_fixedBionanoSV_centromereV3"	59173991	59173991	1	8	0	0	"AGCTGCGCTAT"	"cenx"	9349
"chrX_fixedBionanoSV_centromereV3"	59174062	59174062	1	3	1	0.333	"GCTTCCGTTTA"	"cenx"	9349
"chrX_fixedBionanoSV_centromereV3"	59174089	59174098	2	18	0	0	"TATCCCGTTTCCAACGAAAC"	"cenx"	9349
"chrX_fixedBionanoSV_centromereV3"	59174129	59174129	1	8	0	0	"CCCTGCGGATC"	"cenx"	9349
"chrX_fixedBionanoSV_centromereV3"	59174151	59174151	1	10	1	0.1	"TGTTTCGAAAC"	"cenx"	9349
"chrX_fixedBionanoSV_centromereV3"	59174233	59174233	1	8	0	0	"TCTCTCGTCTT"	"cenx"	9349
"chrX_fixedBionanoSV_centromereV3"	59174293	59174293	1	7	1	0.143	"GAAAGCGCTCC"	"cenx"	9349
